day,time,from_account,to_account,amount,status
1,08:00,acc2,acc3,97,Success
1,08:00,acc3,acc1,89,Success
1,08:30,acc1,acc2,5,Success
1,08:30,acc2,acc3,39,Success
1,08:30,acc1,acc3,91,Success
1,08:45,acc1,acc3,84,Success
1,08:45,acc2,acc1,73,Success
1,08:45,acc2,acc3,60,Success
1,09:00,acc1,acc3,37,Success
1,09:00,acc2,acc3,87,Success
1,09:15,acc3,acc2,81,Success
1,09:15,acc3,acc1,15,Success
1,09:45,acc2,acc3,64,Success
1,09:45,acc2,acc1,73,Success
1,09:45,acc2,acc1,25,Success
1,09:45,acc1,acc2,60,Success
1,09:45,acc1,acc3,52,Success
1,09:45,acc2,acc1,28,Success
1,10:00,acc2,acc3,25,Success
1,10:00,acc1,acc3,48,Success
1,10:00,acc1,acc2,60,Success
1,10:00,acc2,acc1,60,Success
1,10:15,acc3,acc2,98,Success
1,10:15,acc3,acc1,72,Success
1,10:15,acc3,acc2,33,Success
1,10:15,acc2,acc3,48,Success
1,10:15,acc3,acc1,18,Success
1,10:15,acc2,acc1,91,Success
1,10:15,acc3,acc2,54,Success
1,10:30,acc1,acc2,7,Success
1,10:45,acc2,acc1,56,Success
1,11:00,acc1,acc3,34,Success
1,11:00,acc1,acc2,21,Success
1,11:15,acc2,acc3,42,Success
1,11:15,acc1,acc3,34,Success
1,11:15,acc2,acc3,77,Success
1,11:15,acc3,acc1,4,Success
1,11:15,acc3,acc2,94,Success
1,11:15,acc3,acc1,56,Success
1,11:15,acc3,acc1,63,Success
1,11:15,acc3,acc1,26,Success
1,11:15,acc3,acc2,7,Success
1,11:15,acc3,acc2,89,Success
1,11:45,acc2,acc1,26,Success
1,11:45,acc1,acc3,40,Success
1,12:00,acc2,acc3,78,Success
1,12:00,acc3,acc2,82,Success
1,12:30,acc2,acc1,49,Success
1,12:30,acc2,acc3,7,Success
1,12:45,acc1,acc2,14,Success
1,12:45,acc3,acc2,27,Success
1,12:45,acc3,acc2,86,Success
1,13:00,acc1,acc3,49,Success
1,13:15,acc1,acc3,71,Success
1,13:30,acc1,acc3,72,Success
1,14:00,acc3,acc2,45,Success
1,14:00,acc3,acc1,33,Success
1,14:00,acc2,acc1,89,Success
1,14:00,acc3,acc1,100,Success
1,14:00,acc2,acc3,20,Success
1,14:00,acc2,acc1,33,Success
1,14:00,acc2,acc3,72,Success
1,14:00,acc2,acc1,78,Success
1,14:00,acc3,acc2,99,Success
1,14:00,acc1,acc2,5,Success
1,14:00,acc2,acc1,83,Success
1,14:15,acc3,acc2,19,Success
1,14:15,acc3,acc1,88,Success
1,14:30,acc1,acc2,73,Success
1,14:45,acc3,acc1,23,Success
1,14:45,acc3,acc2,65,Success
1,14:45,acc3,acc1,73,Success
1,14:45,acc1,acc2,62,Success
1,15:00,acc3,acc1,98,Success
1,15:00,acc3,acc2,8,Success
1,15:15,acc3,acc1,4,Success
1,15:15,acc2,acc3,75,Success
1,15:15,acc2,acc1,20,Success
1,15:15,acc2,acc1,61,Success
1,15:15,acc2,acc3,83,Success
1,15:15,acc1,acc3,6,Success
1,15:15,acc2,acc1,33,Success
1,15:15,acc2,acc3,72,Success
1,15:30,acc1,acc3,21,Success
1,15:45,acc3,acc1,68,Success
1,15:45,acc1,acc3,3,Success
1,16:00,acc1,acc3,28,Success
1,16:00,acc1,acc2,62,Success
1,16:00,acc3,acc1,93,Success
1,16:15,acc2,acc3,51,Success
1,16:15,acc2,acc1,32,Success
1,16:15,acc2,acc3,85,Success
1,16:15,acc2,acc3,29,Success
1,16:15,acc2,acc1,67,Success
1,16:15,acc1,acc2,70,Success
1,16:45,acc3,acc1,68,Success
1,16:45,acc1,acc3,78,Success
1,16:45,acc3,acc2,64,Success
1,16:45,acc2,acc3,5,Success
1,16:45,acc2,acc1,26,Success
1,16:45,acc3,acc2,51,Success
1,16:45,acc2,acc1,91,Success
1,16:45,acc3,acc2,76,Success
1,08:00,acc3,acc1,21,Success
1,08:00,acc3,acc2,83,Success
1,08:15,acc2,acc3,44,Success
1,08:15,acc1,acc3,1,Success
1,08:15,acc1,acc2,21,Success
1,08:30,acc1,acc2,79,Success
1,08:30,acc2,acc1,59,Success
1,08:30,acc2,acc3,80,Success
1,08:45,acc2,acc3,27,Success
1,08:45,acc3,acc1,22,Success
1,08:45,acc1,acc2,74,Success
1,08:45,acc3,acc1,31,Success
1,09:00,acc1,acc3,25,Success
1,09:15,acc2,acc1,99,Success
1,09:15,acc2,acc3,90,Success
1,09:15,acc1,acc2,54,Success
1,09:15,acc2,acc3,46,Success
1,09:15,acc2,acc1,49,Success
1,09:30,acc1,acc3,28,Success
1,09:30,acc3,acc1,46,Success
1,09:30,acc1,acc2,57,Success
1,09:30,acc3,acc2,62,Success
1,09:30,acc3,acc1,17,Success
1,09:45,acc2,acc1,53,Success
1,09:45,acc2,acc3,49,Success
1,09:45,acc1,acc2,19,Success
1,09:45,acc1,acc3,23,Success
1,09:45,acc3,acc2,14,Success
1,09:45,acc2,acc3,66,Success
1,09:45,acc3,acc1,8,Success
1,10:00,acc1,acc3,59,Success
1,10:00,acc3,acc1,75,Success
1,10:30,acc2,acc1,52,Success
1,10:30,acc3,acc1,97,Success
1,10:30,acc2,acc3,28,Success
1,10:30,acc1,acc2,89,Success
1,10:30,acc3,acc2,46,Success
1,11:00,acc1,acc2,43,Success
1,11:00,acc3,acc1,59,Success
1,11:00,acc3,acc1,48,Success
1,11:00,acc3,acc2,48,Success
1,11:15,acc3,acc2,31,Success
1,11:15,acc3,acc1,40,Success
1,11:30,acc2,acc1,17,Success
1,11:30,acc2,acc3,88,Success
1,11:30,acc1,acc3,97,Success
1,11:30,acc2,acc1,10,Success
1,11:30,acc2,acc3,46,Success
1,11:30,acc1,acc2,37,Success
1,11:30,acc2,acc1,45,Success
1,11:45,acc2,acc3,18,Success
1,11:45,acc3,acc2,42,Success
1,11:45,acc3,acc1,67,Success
1,11:45,acc3,acc1,100,Success
1,12:00,acc1,acc3,31,Success
1,12:00,acc1,acc2,36,Success
1,12:15,acc1,acc3,66,Success
1,12:30,acc3,acc2,34,Success
1,12:30,acc2,acc1,86,Success
1,12:30,acc2,acc3,77,Success
1,12:30,acc2,acc1,81,Success
1,12:30,acc3,acc2,85,Success
1,12:30,acc3,acc1,86,Success
1,12:30,acc2,acc3,68,Success
1,12:30,acc2,acc1,67,Success
1,12:30,acc1,acc3,58,Success
1,12:45,acc1,acc3,51,Success
1,12:45,acc1,acc2,79,Success
1,13:00,acc2,acc1,50,Success
1,13:15,acc2,acc3,89,Success
1,13:15,acc3,acc2,79,Success
1,13:45,acc2,acc3,35,Success
1,13:45,acc2,acc1,53,Success
1,13:45,acc1,acc2,37,Success
1,13:45,acc2,acc3,58,Success
1,13:45,acc1,acc3,50,Success
1,13:45,acc2,acc1,67,Success
1,14:00,acc1,acc2,30,Success
1,14:15,acc2,acc1,60,Success
1,14:15,acc3,acc1,2,Success
1,14:15,acc2,acc3,29,Success
1,14:15,acc1,acc3,98,Success
1,14:15,acc3,acc2,95,Success
1,14:15,acc3,acc2,94,Success
1,14:15,acc2,acc1,32,Success
1,14:30,acc1,acc3,80,Success
1,14:30,acc1,acc2,28,Success
1,14:45,acc1,acc2,49,Success
1,14:45,acc2,acc1,49,Success
1,14:45,acc2,acc1,11,Success
1,14:45,acc2,acc3,7,Success
1,15:00,acc3,acc1,61,Success
1,15:00,acc1,acc2,71,Success
1,15:00,acc3,acc2,54,Success
1,15:00,acc3,acc1,82,Success
1,15:00,acc1,acc3,30,Success
1,15:15,acc1,acc3,30,Success
1,15:15,acc2,acc1,33,Success
1,15:15,acc1,acc2,74,Success
1,15:15,acc2,acc3,76,Success
1,15:15,acc2,acc1,88,Success
1,15:30,acc1,acc3,81,Success
1,15:45,acc1,acc2,10,Success
1,15:45,acc1,acc3,29,Success
1,15:45,acc3,acc2,99,Success
1,15:45,acc3,acc1,32,Success
1,16:00,acc1,acc2,97,Success
1,16:00,acc3,acc1,78,Success
1,16:00,acc2,acc1,62,Success
1,16:00,acc1,acc3,35,Success
1,16:15,acc1,acc3,17,Success
1,16:15,acc2,acc1,58,Success
1,16:15,acc1,acc2,83,Success
1,16:15,acc2,acc3,74,Success
1,16:30,acc3,acc1,62,Success
1,16:30,acc3,acc2,58,Success
1,16:45,acc1,acc3,18,Success
